"Row1-R1-A - MA",Row1-R1-A,Madhowa Associates,0,All Warehouses - MA
"Row1-R1-B - MA",Row1-R1-B,Madhowa Associates,0,All Warehouses - MA
"Row1-R1-C - MA",Row1-R1-C,Madhowa Associates,0,All Warehouses - MA
"Row1-R1-D - MA",Row1-R1-D,Madhowa Associates,0,All Warehouses - MA
"Row1-R1-E - MA",Row1-R1-E,Madhowa Associates,0,All Warehouses - MA
"Row1-R1-F - MA",Row1-R1-F,Madhowa Associates,0,All Warehouses - MA
"Row1-R1-Top - MA",Row1-R1-Top,Madhowa Associates,0,All Warehouses - MA
"Row1-R2-A - MA",Row1-R2-A,Madhowa Associates,0,All Warehouses - MA
"Row1-R2-B - MA",Row1-R2-B,Madhowa Associates,0,All Warehouses - MA
"Row1-R2-C - MA",Row1-R2-C,Madhowa Associates,0,All Warehouses - MA
"Row1-R2-D - MA",Row1-R2-D,Madhowa Associates,0,All Warehouses - MA
"Row1-R2-E - MA",Row1-R2-E,Madhowa Associates,0,All Warehouses - MA
"Row1-R2-F - MA",Row1-R2-F,Madhowa Associates,0,All Warehouses - MA
"Row1-R2-Top - MA",Row1-R2-Top,Madhowa Associates,0,All Warehouses - MA
"Row1-R3-A - MA",Row1-R3-A,Madhowa Associates,0,All Warehouses - MA
"Row1-R3-B - MA",Row1-R3-B,Madhowa Associates,0,All Warehouses - MA
"Row1-R3-C - MA",Row1-R3-C,Madhowa Associates,0,All Warehouses - MA
"Row1-R3-D - MA",Row1-R3-D,Madhowa Associates,0,All Warehouses - MA
"Row1-R3-E - MA",Row1-R3-E,Madhowa Associates,0,All Warehouses - MA
"Row1-R3-F - MA",Row1-R3-F,Madhowa Associates,0,All Warehouses - MA
"Row1-R3-Top - MA",Row1-R3-Top,Madhowa Associates,0,All Warehouses - MA
"Row1-R4-A - MA",Row1-R4-A,Madhowa Associates,0,All Warehouses - MA
"Row1-R4-B - MA",Row1-R4-B,Madhowa Associates,0,All Warehouses - MA
"Row1-R4-C - MA",Row1-R4-C,Madhowa Associates,0,All Warehouses - MA
"Row1-R4-D - MA",Row1-R4-D,Madhowa Associates,0,All Warehouses - MA
"Row1-R4-E - MA",Row1-R4-E,Madhowa Associates,0,All Warehouses - MA
"Row1-R4-F - MA",Row1-R4-F,Madhowa Associates,0,All Warehouses - MA
"Row1-R4-Top - MA",Row1-R4-Top,Madhowa Associates,0,All Warehouses - MA
"Row1-R5-A - MA",Row1-R5-A,Madhowa Associates,0,All Warehouses - MA
"Row1-R5-B - MA",Row1-R5-B,Madhowa Associates,0,All Warehouses - MA
"Row1-R5-C - MA",Row1-R5-C,Madhowa Associates,0,All Warehouses - MA
"Row1-R5-D - MA",Row1-R5-D,Madhowa Associates,0,All Warehouses - MA
"Row1-R5-E - MA",Row1-R5-E,Madhowa Associates,0,All Warehouses - MA
"Row1-R5-F - MA",Row1-R5-F,Madhowa Associates,0,All Warehouses - MA
"Row1-R5-Top - MA",Row1-R5-Top,Madhowa Associates,0,All Warehouses - MA
"Row1-R6-A - MA",Row1-R6-A,Madhowa Associates,0,All Warehouses - MA
"Row1-R6-B - MA",Row1-R6-B,Madhowa Associates,0,All Warehouses - MA
"Row1-R6-C - MA",Row1-R6-C,Madhowa Associates,0,All Warehouses - MA
"Row1-R6-D - MA",Row1-R6-D,Madhowa Associates,0,All Warehouses - MA
"Row1-R6-E - MA",Row1-R6-E,Madhowa Associates,0,All Warehouses - MA
"Row1-R6-F - MA",Row1-R6-F,Madhowa Associates,0,All Warehouses - MA
"Row1-R6-Top - MA",Row1-R6-Top,Madhowa Associates,0,All Warehouses - MA
"Row10-R70-A - MA",Row10-R70-A,Madhowa Associates,0,All Warehouses - MA
"Row10-R70-B - MA",Row10-R70-B,Madhowa Associates,0,All Warehouses - MA
"Row10-R70-C - MA",Row10-R70-C,Madhowa Associates,0,All Warehouses - MA
"Row10-R70-D - MA",Row10-R70-D,Madhowa Associates,0,All Warehouses - MA
"Row10-R70-E - MA",Row10-R70-E,Madhowa Associates,0,All Warehouses - MA
"Row10-R70-F - MA",Row10-R70-F,Madhowa Associates,0,All Warehouses - MA
"Row10-R70-Top - MA",Row10-R70-Top,Madhowa Associates,0,All Warehouses - MA
"Row10-R71-A - MA",Row10-R71-A,Madhowa Associates,0,All Warehouses - MA
"Row10-R71-B - MA",Row10-R71-B,Madhowa Associates,0,All Warehouses - MA
"Row10-R71-C - MA",Row10-R71-C,Madhowa Associates,0,All Warehouses - MA
"Row10-R71-D - MA",Row10-R71-D,Madhowa Associates,0,All Warehouses - MA
"Row10-R71-E - MA",Row10-R71-E,Madhowa Associates,0,All Warehouses - MA
"Row10-R71-F - MA",Row10-R71-F,Madhowa Associates,0,All Warehouses - MA
"Row10-R71-Top - MA",Row10-R71-Top,Madhowa Associates,0,All Warehouses - MA
"Row10-R72-A - MA",Row10-R72-A,Madhowa Associates,0,All Warehouses - MA
"Row10-R72-B - MA",Row10-R72-B,Madhowa Associates,0,All Warehouses - MA
"Row10-R72-C - MA",Row10-R72-C,Madhowa Associates,0,All Warehouses - MA
"Row10-R72-D - MA",Row10-R72-D,Madhowa Associates,0,All Warehouses - MA
"Row10-R72-E - MA",Row10-R72-E,Madhowa Associates,0,All Warehouses - MA
"Row10-R72-F - MA",Row10-R72-F,Madhowa Associates,0,All Warehouses - MA
"Row10-R72-Top - MA",Row10-R72-Top,Madhowa Associates,0,All Warehouses - MA
"Row10-R73-A - MA",Row10-R73-A,Madhowa Associates,0,All Warehouses - MA
"Row10-R73-B - MA",Row10-R73-B,Madhowa Associates,0,All Warehouses - MA
"Row10-R73-C - MA",Row10-R73-C,Madhowa Associates,0,All Warehouses - MA
"Row10-R73-D - MA",Row10-R73-D,Madhowa Associates,0,All Warehouses - MA
"Row10-R73-E - MA",Row10-R73-E,Madhowa Associates,0,All Warehouses - MA
"Row10-R73-F - MA",Row10-R73-F,Madhowa Associates,0,All Warehouses - MA
"Row10-R73-Top - MA",Row10-R73-Top,Madhowa Associates,0,All Warehouses - MA
"Row10-R74-A - MA",Row10-R74-A,Madhowa Associates,0,All Warehouses - MA
"Row10-R74-B - MA",Row10-R74-B,Madhowa Associates,0,All Warehouses - MA
"Row10-R74-C - MA",Row10-R74-C,Madhowa Associates,0,All Warehouses - MA
"Row10-R74-D - MA",Row10-R74-D,Madhowa Associates,0,All Warehouses - MA
"Row10-R74-E - MA",Row10-R74-E,Madhowa Associates,0,All Warehouses - MA
"Row10-R74-F - MA",Row10-R74-F,Madhowa Associates,0,All Warehouses - MA
"Row10-R74-Top - MA",Row10-R74-Top,Madhowa Associates,0,All Warehouses - MA
"Row10-R75-A - MA",Row10-R75-A,Madhowa Associates,0,All Warehouses - MA
"Row10-R75-B - MA",Row10-R75-B,Madhowa Associates,0,All Warehouses - MA
"Row10-R75-C - MA",Row10-R75-C,Madhowa Associates,0,All Warehouses - MA
"Row10-R75-D - MA",Row10-R75-D,Madhowa Associates,0,All Warehouses - MA
"Row10-R75-E - MA",Row10-R75-E,Madhowa Associates,0,All Warehouses - MA
"Row10-R75-F - MA",Row10-R75-F,Madhowa Associates,0,All Warehouses - MA
"Row10-R75-Top - MA",Row10-R75-Top,Madhowa Associates,0,All Warehouses - MA
"Row10-R76-A - MA",Row10-R76-A,Madhowa Associates,0,All Warehouses - MA
"Row10-R76-B - MA",Row10-R76-B,Madhowa Associates,0,All Warehouses - MA
"Row10-R76-C - MA",Row10-R76-C,Madhowa Associates,0,All Warehouses - MA
"Row10-R76-D - MA",Row10-R76-D,Madhowa Associates,0,All Warehouses - MA
"Row10-R76-E - MA",Row10-R76-E,Madhowa Associates,0,All Warehouses - MA
"Row10-R76-F - MA",Row10-R76-F,Madhowa Associates,0,All Warehouses - MA
"Row10-R76-Top - MA",Row10-R76-Top,Madhowa Associates,0,All Warehouses - MA
"Row10-R77-A - MA",Row10-R77-A,Madhowa Associates,0,All Warehouses - MA
"Row10-R77-B - MA",Row10-R77-B,Madhowa Associates,0,All Warehouses - MA
"Row10-R77-C - MA",Row10-R77-C,Madhowa Associates,0,All Warehouses - MA
"Row10-R77-D - MA",Row10-R77-D,Madhowa Associates,0,All Warehouses - MA
"Row10-R77-E - MA",Row10-R77-E,Madhowa Associates,0,All Warehouses - MA
"Row10-R77-F - MA",Row10-R77-F,Madhowa Associates,0,All Warehouses - MA
"Row10-R77-Top - MA",Row10-R77-Top,Madhowa Associates,0,All Warehouses - MA
"Row10-R78-A - MA",Row10-R78-A,Madhowa Associates,0,All Warehouses - MA
"Row10-R78-B - MA",Row10-R78-B,Madhowa Associates,0,All Warehouses - MA
"Row10-R78-C - MA",Row10-R78-C,Madhowa Associates,0,All Warehouses - MA
"Row10-R78-D - MA",Row10-R78-D,Madhowa Associates,0,All Warehouses - MA
"Row10-R78-E - MA",Row10-R78-E,Madhowa Associates,0,All Warehouses - MA
"Row10-R78-F - MA",Row10-R78-F,Madhowa Associates,0,All Warehouses - MA
"Row10-R78-Top - MA",Row10-R78-Top,Madhowa Associates,0,All Warehouses - MA
"Row11-R79-A - MA",Row11-R79-A,Madhowa Associates,0,All Warehouses - MA
"Row11-R79-B - MA",Row11-R79-B,Madhowa Associates,0,All Warehouses - MA
"Row11-R79-C - MA",Row11-R79-C,Madhowa Associates,0,All Warehouses - MA
"Row11-R79-D - MA",Row11-R79-D,Madhowa Associates,0,All Warehouses - MA
"Row11-R79-E - MA",Row11-R79-E,Madhowa Associates,0,All Warehouses - MA
"Row11-R79-F - MA",Row11-R79-F,Madhowa Associates,0,All Warehouses - MA
"Row11-R79-G - MA",Row11-R79-G,Madhowa Associates,0,All Warehouses - MA
"Row11-R79-Top - MA",Row11-R79-Top,Madhowa Associates,0,All Warehouses - MA
"Row11-R80-A - MA",Row11-R80-A,Madhowa Associates,0,All Warehouses - MA
"Row11-R80-B - MA",Row11-R80-B,Madhowa Associates,0,All Warehouses - MA
"Row11-R80-C - MA",Row11-R80-C,Madhowa Associates,0,All Warehouses - MA
"Row11-R80-D - MA",Row11-R80-D,Madhowa Associates,0,All Warehouses - MA
"Row11-R80-E - MA",Row11-R80-E,Madhowa Associates,0,All Warehouses - MA
"Row11-R80-F - MA",Row11-R80-F,Madhowa Associates,0,All Warehouses - MA
"Row11-R80-G - MA",Row11-R80-G,Madhowa Associates,0,All Warehouses - MA
"Row11-R80-Top - MA",Row11-R80-Top,Madhowa Associates,0,All Warehouses - MA
"Row11-R81-A - MA",Row11-R81-A,Madhowa Associates,0,All Warehouses - MA
"Row11-R81-B - MA",Row11-R81-B,Madhowa Associates,0,All Warehouses - MA
"Row11-R81-C - MA",Row11-R81-C,Madhowa Associates,0,All Warehouses - MA
"Row11-R81-D - MA",Row11-R81-D,Madhowa Associates,0,All Warehouses - MA
"Row11-R81-E - MA",Row11-R81-E,Madhowa Associates,0,All Warehouses - MA
"Row11-R81-F - MA",Row11-R81-F,Madhowa Associates,0,All Warehouses - MA
"Row11-R81-G - MA",Row11-R81-G,Madhowa Associates,0,All Warehouses - MA
"Row11-R81-Top - MA",Row11-R81-Top,Madhowa Associates,0,All Warehouses - MA
"Row11-R82-A - MA",Row11-R82-A,Madhowa Associates,0,All Warehouses - MA
"Row11-R82-B - MA",Row11-R82-B,Madhowa Associates,0,All Warehouses - MA
"Row11-R82-C - MA",Row11-R82-C,Madhowa Associates,0,All Warehouses - MA
"Row11-R82-D - MA",Row11-R82-D,Madhowa Associates,0,All Warehouses - MA
"Row11-R82-E - MA",Row11-R82-E,Madhowa Associates,0,All Warehouses - MA
"Row11-R82-F - MA",Row11-R82-F,Madhowa Associates,0,All Warehouses - MA
"Row11-R82-G - MA",Row11-R82-G,Madhowa Associates,0,All Warehouses - MA
"Row11-R82-Top - MA",Row11-R82-Top,Madhowa Associates,0,All Warehouses - MA
"Row11-R83-A - MA",Row11-R83-A,Madhowa Associates,0,All Warehouses - MA
"Row11-R83-B - MA",Row11-R83-B,Madhowa Associates,0,All Warehouses - MA
"Row11-R83-C - MA",Row11-R83-C,Madhowa Associates,0,All Warehouses - MA
"Row11-R83-D - MA",Row11-R83-D,Madhowa Associates,0,All Warehouses - MA
"Row11-R83-E - MA",Row11-R83-E,Madhowa Associates,0,All Warehouses - MA
"Row11-R83-F - MA",Row11-R83-F,Madhowa Associates,0,All Warehouses - MA
"Row11-R83-G - MA",Row11-R83-G,Madhowa Associates,0,All Warehouses - MA
"Row11-R83-Top - MA",Row11-R83-Top,Madhowa Associates,0,All Warehouses - MA
"Row11-R84-A - MA",Row11-R84-A,Madhowa Associates,0,All Warehouses - MA
"Row11-R84-B - MA",Row11-R84-B,Madhowa Associates,0,All Warehouses - MA
"Row11-R84-C - MA",Row11-R84-C,Madhowa Associates,0,All Warehouses - MA
"Row11-R84-D - MA",Row11-R84-D,Madhowa Associates,0,All Warehouses - MA
"Row11-R84-E - MA",Row11-R84-E,Madhowa Associates,0,All Warehouses - MA
"Row11-R84-F - MA",Row11-R84-F,Madhowa Associates,0,All Warehouses - MA
"Row11-R84-G - MA",Row11-R84-G,Madhowa Associates,0,All Warehouses - MA
"Row11-R84-Top - MA",Row11-R84-Top,Madhowa Associates,0,All Warehouses - MA
"Row11-R85-A - MA",Row11-R85-A,Madhowa Associates,0,All Warehouses - MA
"Row11-R85-B - MA",Row11-R85-B,Madhowa Associates,0,All Warehouses - MA
"Row11-R85-C - MA",Row11-R85-C,Madhowa Associates,0,All Warehouses - MA
"Row11-R85-D - MA",Row11-R85-D,Madhowa Associates,0,All Warehouses - MA
"Row11-R85-E - MA",Row11-R85-E,Madhowa Associates,0,All Warehouses - MA
"Row11-R85-F - MA",Row11-R85-F,Madhowa Associates,0,All Warehouses - MA
"Row11-R85-G - MA",Row11-R85-G,Madhowa Associates,0,All Warehouses - MA
"Row11-R85-Top - MA",Row11-R85-Top,Madhowa Associates,0,All Warehouses - MA
"Row11-R86-A - MA",Row11-R86-A,Madhowa Associates,0,All Warehouses - MA
"Row11-R86-B - MA",Row11-R86-B,Madhowa Associates,0,All Warehouses - MA
"Row11-R86-C - MA",Row11-R86-C,Madhowa Associates,0,All Warehouses - MA
"Row11-R86-D - MA",Row11-R86-D,Madhowa Associates,0,All Warehouses - MA
"Row11-R86-E - MA",Row11-R86-E,Madhowa Associates,0,All Warehouses - MA
"Row11-R86-F - MA",Row11-R86-F,Madhowa Associates,0,All Warehouses - MA
"Row11-R86-G - MA",Row11-R86-G,Madhowa Associates,0,All Warehouses - MA
"Row11-R86-Top - MA",Row11-R86-Top,Madhowa Associates,0,All Warehouses - MA
"Row11-R87-A - MA",Row11-R87-A,Madhowa Associates,0,All Warehouses - MA
"Row11-R87-B - MA",Row11-R87-B,Madhowa Associates,0,All Warehouses - MA
"Row11-R87-C - MA",Row11-R87-C,Madhowa Associates,0,All Warehouses - MA
"Row11-R87-D - MA",Row11-R87-D,Madhowa Associates,0,All Warehouses - MA
"Row11-R87-E - MA",Row11-R87-E,Madhowa Associates,0,All Warehouses - MA
"Row11-R87-F - MA",Row11-R87-F,Madhowa Associates,0,All Warehouses - MA
"Row11-R87-G - MA",Row11-R87-G,Madhowa Associates,0,All Warehouses - MA
"Row11-R87-Top - MA",Row11-R87-Top,Madhowa Associates,0,All Warehouses - MA
"Row12-R88-A - MA",Row12-R88-A,Madhowa Associates,0,All Warehouses - MA
"Row12-R88-B - MA",Row12-R88-B,Madhowa Associates,0,All Warehouses - MA
"Row12-R88-C - MA",Row12-R88-C,Madhowa Associates,0,All Warehouses - MA
"Row12-R88-D - MA",Row12-R88-D,Madhowa Associates,0,All Warehouses - MA
"Row12-R88-E - MA",Row12-R88-E,Madhowa Associates,0,All Warehouses - MA
"Row12-R88-F - MA",Row12-R88-F,Madhowa Associates,0,All Warehouses - MA
"Row12-R88-G - MA",Row12-R88-G,Madhowa Associates,0,All Warehouses - MA
"Row12-R88-Top - MA",Row12-R88-Top,Madhowa Associates,0,All Warehouses - MA
"Row12-R89-A - MA",Row12-R89-A,Madhowa Associates,0,All Warehouses - MA
"Row12-R89-B - MA",Row12-R89-B,Madhowa Associates,0,All Warehouses - MA
"Row12-R89-C - MA",Row12-R89-C,Madhowa Associates,0,All Warehouses - MA
"Row12-R89-D - MA",Row12-R89-D,Madhowa Associates,0,All Warehouses - MA
"Row12-R89-E - MA",Row12-R89-E,Madhowa Associates,0,All Warehouses - MA
"Row12-R89-F - MA",Row12-R89-F,Madhowa Associates,0,All Warehouses - MA
"Row12-R89-G - MA",Row12-R89-G,Madhowa Associates,0,All Warehouses - MA
"Row12-R89-Top - MA",Row12-R89-Top,Madhowa Associates,0,All Warehouses - MA
"Row12-R90-A - MA",Row12-R90-A,Madhowa Associates,0,All Warehouses - MA
"Row12-R90-B - MA",Row12-R90-B,Madhowa Associates,0,All Warehouses - MA
"Row12-R90-C - MA",Row12-R90-C,Madhowa Associates,0,All Warehouses - MA
"Row12-R90-D - MA",Row12-R90-D,Madhowa Associates,0,All Warehouses - MA
"Row12-R90-E - MA",Row12-R90-E,Madhowa Associates,0,All Warehouses - MA
"Row12-R90-F - MA",Row12-R90-F,Madhowa Associates,0,All Warehouses - MA
"Row12-R90-G - MA",Row12-R90-G,Madhowa Associates,0,All Warehouses - MA
"Row12-R90-Top - MA",Row12-R90-Top,Madhowa Associates,0,All Warehouses - MA
"Row12-R91-A - MA",Row12-R91-A,Madhowa Associates,0,All Warehouses - MA
"Row12-R91-B - MA",Row12-R91-B,Madhowa Associates,0,All Warehouses - MA
"Row12-R91-C - MA",Row12-R91-C,Madhowa Associates,0,All Warehouses - MA
"Row12-R91-D - MA",Row12-R91-D,Madhowa Associates,0,All Warehouses - MA
"Row12-R91-E - MA",Row12-R91-E,Madhowa Associates,0,All Warehouses - MA
"Row12-R91-F - MA",Row12-R91-F,Madhowa Associates,0,All Warehouses - MA
"Row12-R91-G - MA",Row12-R91-G,Madhowa Associates,0,All Warehouses - MA
"Row12-R91-Top - MA",Row12-R91-Top,Madhowa Associates,0,All Warehouses - MA
"Row12-R92-A - MA",Row12-R92-A,Madhowa Associates,0,All Warehouses - MA
"Row12-R92-B - MA",Row12-R92-B,Madhowa Associates,0,All Warehouses - MA
"Row12-R92-C - MA",Row12-R92-C,Madhowa Associates,0,All Warehouses - MA
"Row12-R92-D - MA",Row12-R92-D,Madhowa Associates,0,All Warehouses - MA
"Row12-R92-E - MA",Row12-R92-E,Madhowa Associates,0,All Warehouses - MA
"Row12-R92-F - MA",Row12-R92-F,Madhowa Associates,0,All Warehouses - MA
"Row12-R92-G - MA",Row12-R92-G,Madhowa Associates,0,All Warehouses - MA
"Row12-R92-Top - MA",Row12-R92-Top,Madhowa Associates,0,All Warehouses - MA
"Row12-R93-A - MA",Row12-R93-A,Madhowa Associates,0,All Warehouses - MA
"Row12-R93-B - MA",Row12-R93-B,Madhowa Associates,0,All Warehouses - MA
"Row12-R93-C - MA",Row12-R93-C,Madhowa Associates,0,All Warehouses - MA
"Row12-R93-D - MA",Row12-R93-D,Madhowa Associates,0,All Warehouses - MA
"Row12-R93-E - MA",Row12-R93-E,Madhowa Associates,0,All Warehouses - MA
"Row12-R93-F - MA",Row12-R93-F,Madhowa Associates,0,All Warehouses - MA
"Row12-R93-G - MA",Row12-R93-G,Madhowa Associates,0,All Warehouses - MA
"Row12-R93-Top - MA",Row12-R93-Top,Madhowa Associates,0,All Warehouses - MA
"Row12-R94-A - MA",Row12-R94-A,Madhowa Associates,0,All Warehouses - MA
"Row12-R94-B - MA",Row12-R94-B,Madhowa Associates,0,All Warehouses - MA
"Row12-R94-C - MA",Row12-R94-C,Madhowa Associates,0,All Warehouses - MA
"Row12-R94-D - MA",Row12-R94-D,Madhowa Associates,0,All Warehouses - MA
"Row12-R94-E - MA",Row12-R94-E,Madhowa Associates,0,All Warehouses - MA
"Row12-R94-F - MA",Row12-R94-F,Madhowa Associates,0,All Warehouses - MA
"Row12-R94-G - MA",Row12-R94-G,Madhowa Associates,0,All Warehouses - MA
"Row12-R94-Top - MA",Row12-R94-Top,Madhowa Associates,0,All Warehouses - MA
"Row12-R95-A - MA",Row12-R95-A,Madhowa Associates,0,All Warehouses - MA
"Row12-R95-B - MA",Row12-R95-B,Madhowa Associates,0,All Warehouses - MA
"Row12-R95-C - MA",Row12-R95-C,Madhowa Associates,0,All Warehouses - MA
"Row12-R95-D - MA",Row12-R95-D,Madhowa Associates,0,All Warehouses - MA
"Row12-R95-E - MA",Row12-R95-E,Madhowa Associates,0,All Warehouses - MA
"Row12-R95-F - MA",Row12-R95-F,Madhowa Associates,0,All Warehouses - MA
"Row12-R95-G - MA",Row12-R95-G,Madhowa Associates,0,All Warehouses - MA
"Row12-R95-Top - MA",Row12-R95-Top,Madhowa Associates,0,All Warehouses - MA
"Row12-R96-A - MA",Row12-R96-A,Madhowa Associates,0,All Warehouses - MA
"Row12-R96-B - MA",Row12-R96-B,Madhowa Associates,0,All Warehouses - MA
"Row12-R96-C - MA",Row12-R96-C,Madhowa Associates,0,All Warehouses - MA
"Row12-R96-D - MA",Row12-R96-D,Madhowa Associates,0,All Warehouses - MA
"Row12-R96-E - MA",Row12-R96-E,Madhowa Associates,0,All Warehouses - MA
"Row12-R96-F - MA",Row12-R96-F,Madhowa Associates,0,All Warehouses - MA
"Row12-R96-G - MA",Row12-R96-G,Madhowa Associates,0,All Warehouses - MA
"Row12-R96-Top - MA",Row12-R96-Top,Madhowa Associates,0,All Warehouses - MA
"Row13-R100-A - MA",Row13-R100-A,Madhowa Associates,0,All Warehouses - MA
"Row13-R100-B - MA",Row13-R100-B,Madhowa Associates,0,All Warehouses - MA
"Row13-R100-C - MA",Row13-R100-C,Madhowa Associates,0,All Warehouses - MA
"Row13-R100-D - MA",Row13-R100-D,Madhowa Associates,0,All Warehouses - MA
"Row13-R100-E - MA",Row13-R100-E,Madhowa Associates,0,All Warehouses - MA
"Row13-R100-F - MA",Row13-R100-F,Madhowa Associates,0,All Warehouses - MA
"Row13-R100-Top - MA",Row13-R100-Top,Madhowa Associates,0,All Warehouses - MA
"Row13-R101-A - MA",Row13-R101-A,Madhowa Associates,0,All Warehouses - MA
"Row13-R101-B - MA",Row13-R101-B,Madhowa Associates,0,All Warehouses - MA
"Row13-R101-C - MA",Row13-R101-C,Madhowa Associates,0,All Warehouses - MA
"Row13-R101-D - MA",Row13-R101-D,Madhowa Associates,0,All Warehouses - MA
"Row13-R101-E - MA",Row13-R101-E,Madhowa Associates,0,All Warehouses - MA
"Row13-R101-F - MA",Row13-R101-F,Madhowa Associates,0,All Warehouses - MA
"Row13-R101-Top - MA",Row13-R101-Top,Madhowa Associates,0,All Warehouses - MA
"Row13-R102-A - MA",Row13-R102-A,Madhowa Associates,0,All Warehouses - MA
"Row13-R102-B - MA",Row13-R102-B,Madhowa Associates,0,All Warehouses - MA
"Row13-R102-C - MA",Row13-R102-C,Madhowa Associates,0,All Warehouses - MA
"Row13-R102-D - MA",Row13-R102-D,Madhowa Associates,0,All Warehouses - MA
"Row13-R102-E - MA",Row13-R102-E,Madhowa Associates,0,All Warehouses - MA
"Row13-R102-F - MA",Row13-R102-F,Madhowa Associates,0,All Warehouses - MA
"Row13-R102-Top - MA",Row13-R102-Top,Madhowa Associates,0,All Warehouses - MA
"Row13-R103-A - MA",Row13-R103-A,Madhowa Associates,0,All Warehouses - MA
"Row13-R103-B - MA",Row13-R103-B,Madhowa Associates,0,All Warehouses - MA
"Row13-R103-C - MA",Row13-R103-C,Madhowa Associates,0,All Warehouses - MA
"Row13-R103-D - MA",Row13-R103-D,Madhowa Associates,0,All Warehouses - MA
"Row13-R103-E - MA",Row13-R103-E,Madhowa Associates,0,All Warehouses - MA
"Row13-R103-F - MA",Row13-R103-F,Madhowa Associates,0,All Warehouses - MA
"Row13-R103-Top - MA",Row13-R103-Top,Madhowa Associates,0,All Warehouses - MA
"Row13-R104-A - MA",Row13-R104-A,Madhowa Associates,0,All Warehouses - MA
"Row13-R104-B - MA",Row13-R104-B,Madhowa Associates,0,All Warehouses - MA
"Row13-R104-C - MA",Row13-R104-C,Madhowa Associates,0,All Warehouses - MA
"Row13-R104-D - MA",Row13-R104-D,Madhowa Associates,0,All Warehouses - MA
"Row13-R104-E - MA",Row13-R104-E,Madhowa Associates,0,All Warehouses - MA
"Row13-R104-F - MA",Row13-R104-F,Madhowa Associates,0,All Warehouses - MA
"Row13-R104-Top - MA",Row13-R104-Top,Madhowa Associates,0,All Warehouses - MA
"Row13-R105-A - MA",Row13-R105-A,Madhowa Associates,0,All Warehouses - MA
"Row13-R105-B - MA",Row13-R105-B,Madhowa Associates,0,All Warehouses - MA
"Row13-R105-C - MA",Row13-R105-C,Madhowa Associates,0,All Warehouses - MA
"Row13-R105-D - MA",Row13-R105-D,Madhowa Associates,0,All Warehouses - MA
"Row13-R105-E - MA",Row13-R105-E,Madhowa Associates,0,All Warehouses - MA
"Row13-R105-F - MA",Row13-R105-F,Madhowa Associates,0,All Warehouses - MA
"Row13-R105-Top - MA",Row13-R105-Top,Madhowa Associates,0,All Warehouses - MA
"Row13-R97-A - MA",Row13-R97-A,Madhowa Associates,0,All Warehouses - MA
"Row13-R97-B - MA",Row13-R97-B,Madhowa Associates,0,All Warehouses - MA
"Row13-R97-C - MA",Row13-R97-C,Madhowa Associates,0,All Warehouses - MA
"Row13-R97-D - MA",Row13-R97-D,Madhowa Associates,0,All Warehouses - MA
"Row13-R97-E - MA",Row13-R97-E,Madhowa Associates,0,All Warehouses - MA
"Row13-R97-F - MA",Row13-R97-F,Madhowa Associates,0,All Warehouses - MA
"Row13-R97-Top - MA",Row13-R97-Top,Madhowa Associates,0,All Warehouses - MA
"Row13-R98-A - MA",Row13-R98-A,Madhowa Associates,0,All Warehouses - MA
"Row13-R98-B - MA",Row13-R98-B,Madhowa Associates,0,All Warehouses - MA
"Row13-R98-C - MA",Row13-R98-C,Madhowa Associates,0,All Warehouses - MA
"Row13-R98-D - MA",Row13-R98-D,Madhowa Associates,0,All Warehouses - MA
"Row13-R98-E - MA",Row13-R98-E,Madhowa Associates,0,All Warehouses - MA
"Row13-R98-F - MA",Row13-R98-F,Madhowa Associates,0,All Warehouses - MA
"Row13-R98-Top - MA",Row13-R98-Top,Madhowa Associates,0,All Warehouses - MA
"Row13-R99-A - MA",Row13-R99-A,Madhowa Associates,0,All Warehouses - MA
"Row13-R99-B - MA",Row13-R99-B,Madhowa Associates,0,All Warehouses - MA
"Row13-R99-C - MA",Row13-R99-C,Madhowa Associates,0,All Warehouses - MA
"Row13-R99-D - MA",Row13-R99-D,Madhowa Associates,0,All Warehouses - MA
"Row13-R99-E - MA",Row13-R99-E,Madhowa Associates,0,All Warehouses - MA
"Row13-R99-F - MA",Row13-R99-F,Madhowa Associates,0,All Warehouses - MA
"Row13-R99-Top - MA",Row13-R99-Top,Madhowa Associates,0,All Warehouses - MA
"Row14-R106-A - MA",Row14-R106-A,Madhowa Associates,0,All Warehouses - MA
"Row14-R106-B - MA",Row14-R106-B,Madhowa Associates,0,All Warehouses - MA
"Row14-R106-C - MA",Row14-R106-C,Madhowa Associates,0,All Warehouses - MA
"Row14-R106-D - MA",Row14-R106-D,Madhowa Associates,0,All Warehouses - MA
"Row14-R106-E - MA",Row14-R106-E,Madhowa Associates,0,All Warehouses - MA
"Row14-R106-F - MA",Row14-R106-F,Madhowa Associates,0,All Warehouses - MA
"Row14-R106-Top - MA",Row14-R106-Top,Madhowa Associates,0,All Warehouses - MA
"Row14-R107-A - MA",Row14-R107-A,Madhowa Associates,0,All Warehouses - MA
"Row14-R107-B - MA",Row14-R107-B,Madhowa Associates,0,All Warehouses - MA
"Row14-R107-C - MA",Row14-R107-C,Madhowa Associates,0,All Warehouses - MA
"Row14-R107-D - MA",Row14-R107-D,Madhowa Associates,0,All Warehouses - MA
"Row14-R107-E - MA",Row14-R107-E,Madhowa Associates,0,All Warehouses - MA
"Row14-R107-F - MA",Row14-R107-F,Madhowa Associates,0,All Warehouses - MA
"Row14-R107-Top - MA",Row14-R107-Top,Madhowa Associates,0,All Warehouses - MA
"Row14-R108-A - MA",Row14-R108-A,Madhowa Associates,0,All Warehouses - MA
"Row14-R108-B - MA",Row14-R108-B,Madhowa Associates,0,All Warehouses - MA
"Row14-R108-C - MA",Row14-R108-C,Madhowa Associates,0,All Warehouses - MA
"Row14-R108-D - MA",Row14-R108-D,Madhowa Associates,0,All Warehouses - MA
"Row14-R108-E - MA",Row14-R108-E,Madhowa Associates,0,All Warehouses - MA
"Row14-R108-F - MA",Row14-R108-F,Madhowa Associates,0,All Warehouses - MA
"Row14-R108-Top - MA",Row14-R108-Top,Madhowa Associates,0,All Warehouses - MA
"Row14-R109-A - MA",Row14-R109-A,Madhowa Associates,0,All Warehouses - MA
"Row14-R109-B - MA",Row14-R109-B,Madhowa Associates,0,All Warehouses - MA
"Row14-R109-C - MA",Row14-R109-C,Madhowa Associates,0,All Warehouses - MA
"Row14-R109-D - MA",Row14-R109-D,Madhowa Associates,0,All Warehouses - MA
"Row14-R109-E - MA",Row14-R109-E,Madhowa Associates,0,All Warehouses - MA
"Row14-R109-F - MA",Row14-R109-F,Madhowa Associates,0,All Warehouses - MA
"Row14-R109-Top - MA",Row14-R109-Top,Madhowa Associates,0,All Warehouses - MA
"Row14-R110-A - MA",Row14-R110-A,Madhowa Associates,0,All Warehouses - MA
"Row14-R110-B - MA",Row14-R110-B,Madhowa Associates,0,All Warehouses - MA
"Row14-R110-C - MA",Row14-R110-C,Madhowa Associates,0,All Warehouses - MA
"Row14-R110-D - MA",Row14-R110-D,Madhowa Associates,0,All Warehouses - MA
"Row14-R110-E - MA",Row14-R110-E,Madhowa Associates,0,All Warehouses - MA
"Row14-R110-F - MA",Row14-R110-F,Madhowa Associates,0,All Warehouses - MA
"Row14-R110-Top - MA",Row14-R110-Top,Madhowa Associates,0,All Warehouses - MA
"Row14-R111-A - MA",Row14-R111-A,Madhowa Associates,0,All Warehouses - MA
"Row14-R111-B - MA",Row14-R111-B,Madhowa Associates,0,All Warehouses - MA
"Row14-R111-C - MA",Row14-R111-C,Madhowa Associates,0,All Warehouses - MA
"Row14-R111-D - MA",Row14-R111-D,Madhowa Associates,0,All Warehouses - MA
"Row14-R111-E - MA",Row14-R111-E,Madhowa Associates,0,All Warehouses - MA
"Row14-R111-F - MA",Row14-R111-F,Madhowa Associates,0,All Warehouses - MA
"Row14-R111-Top - MA",Row14-R111-Top,Madhowa Associates,0,All Warehouses - MA
"Row14-R112-A - MA",Row14-R112-A,Madhowa Associates,0,All Warehouses - MA
"Row14-R112-B - MA",Row14-R112-B,Madhowa Associates,0,All Warehouses - MA
"Row14-R112-C - MA",Row14-R112-C,Madhowa Associates,0,All Warehouses - MA
"Row14-R112-D - MA",Row14-R112-D,Madhowa Associates,0,All Warehouses - MA
"Row14-R112-E - MA",Row14-R112-E,Madhowa Associates,0,All Warehouses - MA
"Row14-R112-F - MA",Row14-R112-F,Madhowa Associates,0,All Warehouses - MA
"Row14-R112-Top - MA",Row14-R112-Top,Madhowa Associates,0,All Warehouses - MA
"Row14-R113-A - MA",Row14-R113-A,Madhowa Associates,0,All Warehouses - MA
"Row14-R113-B - MA",Row14-R113-B,Madhowa Associates,0,All Warehouses - MA
"Row14-R113-C - MA",Row14-R113-C,Madhowa Associates,0,All Warehouses - MA
"Row14-R113-D - MA",Row14-R113-D,Madhowa Associates,0,All Warehouses - MA
"Row14-R113-E - MA",Row14-R113-E,Madhowa Associates,0,All Warehouses - MA
"Row14-R113-F - MA",Row14-R113-F,Madhowa Associates,0,All Warehouses - MA
"Row14-R113-Top - MA",Row14-R113-Top,Madhowa Associates,0,All Warehouses - MA
"Row2-R10-A - MA",Row2-R10-A,Madhowa Associates,0,All Warehouses - MA
"Row2-R10-B - MA",Row2-R10-B,Madhowa Associates,0,All Warehouses - MA
"Row2-R10-C - MA",Row2-R10-C,Madhowa Associates,0,All Warehouses - MA
"Row2-R10-D - MA",Row2-R10-D,Madhowa Associates,0,All Warehouses - MA
"Row2-R10-E - MA",Row2-R10-E,Madhowa Associates,0,All Warehouses - MA
"Row2-R10-F - MA",Row2-R10-F,Madhowa Associates,0,All Warehouses - MA
"Row2-R10-Top - MA",Row2-R10-Top,Madhowa Associates,0,All Warehouses - MA
"Row2-R11-A - MA",Row2-R11-A,Madhowa Associates,0,All Warehouses - MA
"Row2-R11-B - MA",Row2-R11-B,Madhowa Associates,0,All Warehouses - MA
"Row2-R11-C - MA",Row2-R11-C,Madhowa Associates,0,All Warehouses - MA
"Row2-R11-D - MA",Row2-R11-D,Madhowa Associates,0,All Warehouses - MA
"Row2-R11-E - MA",Row2-R11-E,Madhowa Associates,0,All Warehouses - MA
"Row2-R11-F - MA",Row2-R11-F,Madhowa Associates,0,All Warehouses - MA
"Row2-R11-Top - MA",Row2-R11-Top,Madhowa Associates,0,All Warehouses - MA
"Row2-R12-A - MA",Row2-R12-A,Madhowa Associates,0,All Warehouses - MA
"Row2-R12-B - MA",Row2-R12-B,Madhowa Associates,0,All Warehouses - MA
"Row2-R12-C - MA",Row2-R12-C,Madhowa Associates,0,All Warehouses - MA
"Row2-R12-D - MA",Row2-R12-D,Madhowa Associates,0,All Warehouses - MA
"Row2-R12-E - MA",Row2-R12-E,Madhowa Associates,0,All Warehouses - MA
"Row2-R12-F - MA",Row2-R12-F,Madhowa Associates,0,All Warehouses - MA
"Row2-R12-Top - MA",Row2-R12-Top,Madhowa Associates,0,All Warehouses - MA
"Row2-R13-A - MA",Row2-R13-A,Madhowa Associates,0,All Warehouses - MA
"Row2-R13-B - MA",Row2-R13-B,Madhowa Associates,0,All Warehouses - MA
"Row2-R13-C - MA",Row2-R13-C,Madhowa Associates,0,All Warehouses - MA
"Row2-R13-D - MA",Row2-R13-D,Madhowa Associates,0,All Warehouses - MA
"Row2-R13-E - MA",Row2-R13-E,Madhowa Associates,0,All Warehouses - MA
"Row2-R13-F - MA",Row2-R13-F,Madhowa Associates,0,All Warehouses - MA
"Row2-R13-Top - MA",Row2-R13-Top,Madhowa Associates,0,All Warehouses - MA
"Row2-R7-A - MA",Row2-R7-A,Madhowa Associates,0,All Warehouses - MA
"Row2-R7-B - MA",Row2-R7-B,Madhowa Associates,0,All Warehouses - MA
"Row2-R7-C - MA",Row2-R7-C,Madhowa Associates,0,All Warehouses - MA
"Row2-R7-D - MA",Row2-R7-D,Madhowa Associates,0,All Warehouses - MA
"Row2-R7-E - MA",Row2-R7-E,Madhowa Associates,0,All Warehouses - MA
"Row2-R7-F - MA",Row2-R7-F,Madhowa Associates,0,All Warehouses - MA
"Row2-R7-Top - MA",Row2-R7-Top,Madhowa Associates,0,All Warehouses - MA
"Row2-R8-A - MA",Row2-R8-A,Madhowa Associates,0,All Warehouses - MA
"Row2-R8-B - MA",Row2-R8-B,Madhowa Associates,0,All Warehouses - MA
"Row2-R8-C - MA",Row2-R8-C,Madhowa Associates,0,All Warehouses - MA
"Row2-R8-D - MA",Row2-R8-D,Madhowa Associates,0,All Warehouses - MA
"Row2-R8-E - MA",Row2-R8-E,Madhowa Associates,0,All Warehouses - MA
"Row2-R8-F - MA",Row2-R8-F,Madhowa Associates,0,All Warehouses - MA
"Row2-R8-Top - MA",Row2-R8-Top,Madhowa Associates,0,All Warehouses - MA
"Row2-R9-A - MA",Row2-R9-A,Madhowa Associates,0,All Warehouses - MA
"Row2-R9-B - MA",Row2-R9-B,Madhowa Associates,0,All Warehouses - MA
"Row2-R9-C - MA",Row2-R9-C,Madhowa Associates,0,All Warehouses - MA
"Row2-R9-D - MA",Row2-R9-D,Madhowa Associates,0,All Warehouses - MA
"Row2-R9-E - MA",Row2-R9-E,Madhowa Associates,0,All Warehouses - MA
"Row2-R9-F - MA",Row2-R9-F,Madhowa Associates,0,All Warehouses - MA
"Row2-R9-Top - MA",Row2-R9-Top,Madhowa Associates,0,All Warehouses - MA
"Row3-R14-A - MA",Row3-R14-A,Madhowa Associates,0,All Warehouses - MA
"Row3-R14-B - MA",Row3-R14-B,Madhowa Associates,0,All Warehouses - MA
"Row3-R14-C - MA",Row3-R14-C,Madhowa Associates,0,All Warehouses - MA
"Row3-R14-D - MA",Row3-R14-D,Madhowa Associates,0,All Warehouses - MA
"Row3-R14-E - MA",Row3-R14-E,Madhowa Associates,0,All Warehouses - MA
"Row3-R14-F - MA",Row3-R14-F,Madhowa Associates,0,All Warehouses - MA
"Row3-R14-Top - MA",Row3-R14-Top,Madhowa Associates,0,All Warehouses - MA
"Row3-R15-A - MA",Row3-R15-A,Madhowa Associates,0,All Warehouses - MA
"Row3-R15-B - MA",Row3-R15-B,Madhowa Associates,0,All Warehouses - MA
"Row3-R15-C - MA",Row3-R15-C,Madhowa Associates,0,All Warehouses - MA
"Row3-R15-D - MA",Row3-R15-D,Madhowa Associates,0,All Warehouses - MA
"Row3-R15-E - MA",Row3-R15-E,Madhowa Associates,0,All Warehouses - MA
"Row3-R15-F - MA",Row3-R15-F,Madhowa Associates,0,All Warehouses - MA
"Row3-R15-Top - MA",Row3-R15-Top,Madhowa Associates,0,All Warehouses - MA
"Row3-R16-A - MA",Row3-R16-A,Madhowa Associates,0,All Warehouses - MA
"Row3-R16-B - MA",Row3-R16-B,Madhowa Associates,0,All Warehouses - MA
"Row3-R16-C - MA",Row3-R16-C,Madhowa Associates,0,All Warehouses - MA
"Row3-R16-D - MA",Row3-R16-D,Madhowa Associates,0,All Warehouses - MA
"Row3-R16-E - MA",Row3-R16-E,Madhowa Associates,0,All Warehouses - MA
"Row3-R16-F - MA",Row3-R16-F,Madhowa Associates,0,All Warehouses - MA
"Row3-R16-Top - MA",Row3-R16-Top,Madhowa Associates,0,All Warehouses - MA
"Row3-R17-A - MA",Row3-R17-A,Madhowa Associates,0,All Warehouses - MA
"Row3-R17-B - MA",Row3-R17-B,Madhowa Associates,0,All Warehouses - MA
"Row3-R17-C - MA",Row3-R17-C,Madhowa Associates,0,All Warehouses - MA
"Row3-R17-D - MA",Row3-R17-D,Madhowa Associates,0,All Warehouses - MA
"Row3-R17-E - MA",Row3-R17-E,Madhowa Associates,0,All Warehouses - MA
"Row3-R17-F - MA",Row3-R17-F,Madhowa Associates,0,All Warehouses - MA
"Row3-R17-Top - MA",Row3-R17-Top,Madhowa Associates,0,All Warehouses - MA
"Row3-R18-A - MA",Row3-R18-A,Madhowa Associates,0,All Warehouses - MA
"Row3-R18-B - MA",Row3-R18-B,Madhowa Associates,0,All Warehouses - MA
"Row3-R18-C - MA",Row3-R18-C,Madhowa Associates,0,All Warehouses - MA
"Row3-R18-D - MA",Row3-R18-D,Madhowa Associates,0,All Warehouses - MA
"Row3-R18-E - MA",Row3-R18-E,Madhowa Associates,0,All Warehouses - MA
"Row3-R18-F - MA",Row3-R18-F,Madhowa Associates,0,All Warehouses - MA
"Row3-R18-Top - MA",Row3-R18-Top,Madhowa Associates,0,All Warehouses - MA
"Row3-R19-A - MA",Row3-R19-A,Madhowa Associates,0,All Warehouses - MA
"Row3-R19-B - MA",Row3-R19-B,Madhowa Associates,0,All Warehouses - MA
"Row3-R19-C - MA",Row3-R19-C,Madhowa Associates,0,All Warehouses - MA
"Row3-R19-D - MA",Row3-R19-D,Madhowa Associates,0,All Warehouses - MA
"Row3-R19-E - MA",Row3-R19-E,Madhowa Associates,0,All Warehouses - MA
"Row3-R19-F - MA",Row3-R19-F,Madhowa Associates,0,All Warehouses - MA
"Row3-R19-Top - MA",Row3-R19-Top,Madhowa Associates,0,All Warehouses - MA
"Row3-R20-A - MA",Row3-R20-A,Madhowa Associates,0,All Warehouses - MA
"Row3-R20-B - MA",Row3-R20-B,Madhowa Associates,0,All Warehouses - MA
"Row3-R20-C - MA",Row3-R20-C,Madhowa Associates,0,All Warehouses - MA
"Row3-R20-D - MA",Row3-R20-D,Madhowa Associates,0,All Warehouses - MA
"Row3-R20-E - MA",Row3-R20-E,Madhowa Associates,0,All Warehouses - MA
"Row3-R20-F - MA",Row3-R20-F,Madhowa Associates,0,All Warehouses - MA
"Row3-R20-Top - MA",Row3-R20-Top,Madhowa Associates,0,All Warehouses - MA
"Row4-R21-A - MA",Row4-R21-A,Madhowa Associates,0,All Warehouses - MA
"Row4-R21-B - MA",Row4-R21-B,Madhowa Associates,0,All Warehouses - MA
"Row4-R21-C - MA",Row4-R21-C,Madhowa Associates,0,All Warehouses - MA
"Row4-R21-D - MA",Row4-R21-D,Madhowa Associates,0,All Warehouses - MA
"Row4-R21-E - MA",Row4-R21-E,Madhowa Associates,0,All Warehouses - MA
"Row4-R21-F - MA",Row4-R21-F,Madhowa Associates,0,All Warehouses - MA
"Row4-R21-Top - MA",Row4-R21-Top,Madhowa Associates,0,All Warehouses - MA
"Row4-R22-A - MA",Row4-R22-A,Madhowa Associates,0,All Warehouses - MA
"Row4-R22-B - MA",Row4-R22-B,Madhowa Associates,0,All Warehouses - MA
"Row4-R22-C - MA",Row4-R22-C,Madhowa Associates,0,All Warehouses - MA
"Row4-R22-D - MA",Row4-R22-D,Madhowa Associates,0,All Warehouses - MA
"Row4-R22-E - MA",Row4-R22-E,Madhowa Associates,0,All Warehouses - MA
"Row4-R22-F - MA",Row4-R22-F,Madhowa Associates,0,All Warehouses - MA
"Row4-R22-Top - MA",Row4-R22-Top,Madhowa Associates,0,All Warehouses - MA
"Row4-R23-A - MA",Row4-R23-A,Madhowa Associates,0,All Warehouses - MA
"Row4-R23-B - MA",Row4-R23-B,Madhowa Associates,0,All Warehouses - MA
"Row4-R23-C - MA",Row4-R23-C,Madhowa Associates,0,All Warehouses - MA
"Row4-R23-D - MA",Row4-R23-D,Madhowa Associates,0,All Warehouses - MA
"Row4-R23-E - MA",Row4-R23-E,Madhowa Associates,0,All Warehouses - MA
"Row4-R23-F - MA",Row4-R23-F,Madhowa Associates,0,All Warehouses - MA
"Row4-R23-Top - MA",Row4-R23-Top,Madhowa Associates,0,All Warehouses - MA
"Row4-R24-A - MA",Row4-R24-A,Madhowa Associates,0,All Warehouses - MA
"Row4-R24-B - MA",Row4-R24-B,Madhowa Associates,0,All Warehouses - MA
"Row4-R24-C - MA",Row4-R24-C,Madhowa Associates,0,All Warehouses - MA
"Row4-R24-D - MA",Row4-R24-D,Madhowa Associates,0,All Warehouses - MA
"Row4-R24-E - MA",Row4-R24-E,Madhowa Associates,0,All Warehouses - MA
"Row4-R24-F - MA",Row4-R24-F,Madhowa Associates,0,All Warehouses - MA
"Row4-R24-Top - MA",Row4-R24-Top,Madhowa Associates,0,All Warehouses - MA
"Row4-R25-A - MA",Row4-R25-A,Madhowa Associates,0,All Warehouses - MA
"Row4-R25-B - MA",Row4-R25-B,Madhowa Associates,0,All Warehouses - MA
"Row4-R25-C - MA",Row4-R25-C,Madhowa Associates,0,All Warehouses - MA
"Row4-R25-D - MA",Row4-R25-D,Madhowa Associates,0,All Warehouses - MA
"Row4-R25-E - MA",Row4-R25-E,Madhowa Associates,0,All Warehouses - MA
"Row4-R25-F - MA",Row4-R25-F,Madhowa Associates,0,All Warehouses - MA
"Row4-R25-Top - MA",Row4-R25-Top,Madhowa Associates,0,All Warehouses - MA
"Row4-R26-A - MA",Row4-R26-A,Madhowa Associates,0,All Warehouses - MA
"Row4-R26-B - MA",Row4-R26-B,Madhowa Associates,0,All Warehouses - MA
"Row4-R26-C - MA",Row4-R26-C,Madhowa Associates,0,All Warehouses - MA
"Row4-R26-D - MA",Row4-R26-D,Madhowa Associates,0,All Warehouses - MA
"Row4-R26-E - MA",Row4-R26-E,Madhowa Associates,0,All Warehouses - MA
"Row4-R26-F - MA",Row4-R26-F,Madhowa Associates,0,All Warehouses - MA
"Row4-R26-Top - MA",Row4-R26-Top,Madhowa Associates,0,All Warehouses - MA
"Row4-R27-A - MA",Row4-R27-A,Madhowa Associates,0,All Warehouses - MA
"Row4-R27-B - MA",Row4-R27-B,Madhowa Associates,0,All Warehouses - MA
"Row4-R27-C - MA",Row4-R27-C,Madhowa Associates,0,All Warehouses - MA
"Row4-R27-D - MA",Row4-R27-D,Madhowa Associates,0,All Warehouses - MA
"Row4-R27-E - MA",Row4-R27-E,Madhowa Associates,0,All Warehouses - MA
"Row4-R27-F - MA",Row4-R27-F,Madhowa Associates,0,All Warehouses - MA
"Row4-R27-Top - MA",Row4-R27-Top,Madhowa Associates,0,All Warehouses - MA
"Row5-R28-A - MA",Row5-R28-A,Madhowa Associates,0,All Warehouses - MA
"Row5-R28-B - MA",Row5-R28-B,Madhowa Associates,0,All Warehouses - MA
"Row5-R28-C - MA",Row5-R28-C,Madhowa Associates,0,All Warehouses - MA
"Row5-R28-D - MA",Row5-R28-D,Madhowa Associates,0,All Warehouses - MA
"Row5-R28-E - MA",Row5-R28-E,Madhowa Associates,0,All Warehouses - MA
"Row5-R28-F - MA",Row5-R28-F,Madhowa Associates,0,All Warehouses - MA
"Row5-R28-Top - MA",Row5-R28-Top,Madhowa Associates,0,All Warehouses - MA
"Row5-R29-A - MA",Row5-R29-A,Madhowa Associates,0,All Warehouses - MA
"Row5-R29-B - MA",Row5-R29-B,Madhowa Associates,0,All Warehouses - MA
"Row5-R29-C - MA",Row5-R29-C,Madhowa Associates,0,All Warehouses - MA
"Row5-R29-D - MA",Row5-R29-D,Madhowa Associates,0,All Warehouses - MA
"Row5-R29-E - MA",Row5-R29-E,Madhowa Associates,0,All Warehouses - MA
"Row5-R29-F - MA",Row5-R29-F,Madhowa Associates,0,All Warehouses - MA
"Row5-R29-Top - MA",Row5-R29-Top,Madhowa Associates,0,All Warehouses - MA
"Row5-R30-A - MA",Row5-R30-A,Madhowa Associates,0,All Warehouses - MA
"Row5-R30-B - MA",Row5-R30-B,Madhowa Associates,0,All Warehouses - MA
"Row5-R30-C - MA",Row5-R30-C,Madhowa Associates,0,All Warehouses - MA
"Row5-R30-D - MA",Row5-R30-D,Madhowa Associates,0,All Warehouses - MA
"Row5-R30-E - MA",Row5-R30-E,Madhowa Associates,0,All Warehouses - MA
"Row5-R30-F - MA",Row5-R30-F,Madhowa Associates,0,All Warehouses - MA
"Row5-R30-Top - MA",Row5-R30-Top,Madhowa Associates,0,All Warehouses - MA
"Row5-R31-A - MA",Row5-R31-A,Madhowa Associates,0,All Warehouses - MA
"Row5-R31-B - MA",Row5-R31-B,Madhowa Associates,0,All Warehouses - MA
"Row5-R31-C - MA",Row5-R31-C,Madhowa Associates,0,All Warehouses - MA
"Row5-R31-D - MA",Row5-R31-D,Madhowa Associates,0,All Warehouses - MA
"Row5-R31-E - MA",Row5-R31-E,Madhowa Associates,0,All Warehouses - MA
"Row5-R31-F - MA",Row5-R31-F,Madhowa Associates,0,All Warehouses - MA
"Row5-R31-Top - MA",Row5-R31-Top,Madhowa Associates,0,All Warehouses - MA
"Row5-R32-A - MA",Row5-R32-A,Madhowa Associates,0,All Warehouses - MA
"Row5-R32-B - MA",Row5-R32-B,Madhowa Associates,0,All Warehouses - MA
"Row5-R32-C - MA",Row5-R32-C,Madhowa Associates,0,All Warehouses - MA
"Row5-R32-D - MA",Row5-R32-D,Madhowa Associates,0,All Warehouses - MA
"Row5-R32-E - MA",Row5-R32-E,Madhowa Associates,0,All Warehouses - MA
"Row5-R32-F - MA",Row5-R32-F,Madhowa Associates,0,All Warehouses - MA
"Row5-R32-Top - MA",Row5-R32-Top,Madhowa Associates,0,All Warehouses - MA
"Row5-R33-A - MA",Row5-R33-A,Madhowa Associates,0,All Warehouses - MA
"Row5-R33-B - MA",Row5-R33-B,Madhowa Associates,0,All Warehouses - MA
"Row5-R33-C - MA",Row5-R33-C,Madhowa Associates,0,All Warehouses - MA
"Row5-R33-D - MA",Row5-R33-D,Madhowa Associates,0,All Warehouses - MA
"Row5-R33-E - MA",Row5-R33-E,Madhowa Associates,0,All Warehouses - MA
"Row5-R33-F - MA",Row5-R33-F,Madhowa Associates,0,All Warehouses - MA
"Row5-R33-Top - MA",Row5-R33-Top,Madhowa Associates,0,All Warehouses - MA
"Row5-R34-A - MA",Row5-R34-A,Madhowa Associates,0,All Warehouses - MA
"Row5-R34-B - MA",Row5-R34-B,Madhowa Associates,0,All Warehouses - MA
"Row5-R34-C - MA",Row5-R34-C,Madhowa Associates,0,All Warehouses - MA
"Row5-R34-D - MA",Row5-R34-D,Madhowa Associates,0,All Warehouses - MA
"Row5-R34-E - MA",Row5-R34-E,Madhowa Associates,0,All Warehouses - MA
"Row5-R34-F - MA",Row5-R34-F,Madhowa Associates,0,All Warehouses - MA
"Row5-R34-Top - MA",Row5-R34-Top,Madhowa Associates,0,All Warehouses - MA
"Row6-R35-A - MA",Row6-R35-A,Madhowa Associates,0,All Warehouses - MA
"Row6-R35-B - MA",Row6-R35-B,Madhowa Associates,0,All Warehouses - MA
"Row6-R35-C - MA",Row6-R35-C,Madhowa Associates,0,All Warehouses - MA
"Row6-R35-D - MA",Row6-R35-D,Madhowa Associates,0,All Warehouses - MA
"Row6-R35-E - MA",Row6-R35-E,Madhowa Associates,0,All Warehouses - MA
"Row6-R35-F - MA",Row6-R35-F,Madhowa Associates,0,All Warehouses - MA
"Row6-R35-Top - MA",Row6-R35-Top,Madhowa Associates,0,All Warehouses - MA
"Row6-R36-A - MA",Row6-R36-A,Madhowa Associates,0,All Warehouses - MA
"Row6-R36-B - MA",Row6-R36-B,Madhowa Associates,0,All Warehouses - MA
"Row6-R36-C - MA",Row6-R36-C,Madhowa Associates,0,All Warehouses - MA
"Row6-R36-D - MA",Row6-R36-D,Madhowa Associates,0,All Warehouses - MA
"Row6-R36-E - MA",Row6-R36-E,Madhowa Associates,0,All Warehouses - MA
"Row6-R36-F - MA",Row6-R36-F,Madhowa Associates,0,All Warehouses - MA
"Row6-R36-Top - MA",Row6-R36-Top,Madhowa Associates,0,All Warehouses - MA
"Row6-R37-A - MA",Row6-R37-A,Madhowa Associates,0,All Warehouses - MA
"Row6-R37-B - MA",Row6-R37-B,Madhowa Associates,0,All Warehouses - MA
"Row6-R37-C - MA",Row6-R37-C,Madhowa Associates,0,All Warehouses - MA
"Row6-R37-D - MA",Row6-R37-D,Madhowa Associates,0,All Warehouses - MA
"Row6-R37-E - MA",Row6-R37-E,Madhowa Associates,0,All Warehouses - MA
"Row6-R37-F - MA",Row6-R37-F,Madhowa Associates,0,All Warehouses - MA
"Row6-R37-Top - MA",Row6-R37-Top,Madhowa Associates,0,All Warehouses - MA
"Row6-R38-A - MA",Row6-R38-A,Madhowa Associates,0,All Warehouses - MA
"Row6-R38-B - MA",Row6-R38-B,Madhowa Associates,0,All Warehouses - MA
"Row6-R38-C - MA",Row6-R38-C,Madhowa Associates,0,All Warehouses - MA
"Row6-R38-D - MA",Row6-R38-D,Madhowa Associates,0,All Warehouses - MA
"Row6-R38-E - MA",Row6-R38-E,Madhowa Associates,0,All Warehouses - MA
"Row6-R38-F - MA",Row6-R38-F,Madhowa Associates,0,All Warehouses - MA
"Row6-R38-Top - MA",Row6-R38-Top,Madhowa Associates,0,All Warehouses - MA
"Row6-R39-A - MA",Row6-R39-A,Madhowa Associates,0,All Warehouses - MA
"Row6-R39-B - MA",Row6-R39-B,Madhowa Associates,0,All Warehouses - MA
"Row6-R39-C - MA",Row6-R39-C,Madhowa Associates,0,All Warehouses - MA
"Row6-R39-D - MA",Row6-R39-D,Madhowa Associates,0,All Warehouses - MA
"Row6-R39-E - MA",Row6-R39-E,Madhowa Associates,0,All Warehouses - MA
"Row6-R39-F - MA",Row6-R39-F,Madhowa Associates,0,All Warehouses - MA
"Row6-R39-Top - MA",Row6-R39-Top,Madhowa Associates,0,All Warehouses - MA
"Row6-R40-A - MA",Row6-R40-A,Madhowa Associates,0,All Warehouses - MA
"Row6-R40-B - MA",Row6-R40-B,Madhowa Associates,0,All Warehouses - MA
"Row6-R40-C - MA",Row6-R40-C,Madhowa Associates,0,All Warehouses - MA
"Row6-R40-D - MA",Row6-R40-D,Madhowa Associates,0,All Warehouses - MA
"Row6-R40-E - MA",Row6-R40-E,Madhowa Associates,0,All Warehouses - MA
"Row6-R40-F - MA",Row6-R40-F,Madhowa Associates,0,All Warehouses - MA
"Row6-R40-Top - MA",Row6-R40-Top,Madhowa Associates,0,All Warehouses - MA
"Row6-R41-A - MA",Row6-R41-A,Madhowa Associates,0,All Warehouses - MA
"Row6-R41-B - MA",Row6-R41-B,Madhowa Associates,0,All Warehouses - MA
"Row6-R41-C - MA",Row6-R41-C,Madhowa Associates,0,All Warehouses - MA
"Row6-R41-D - MA",Row6-R41-D,Madhowa Associates,0,All Warehouses - MA
"Row6-R41-E - MA",Row6-R41-E,Madhowa Associates,0,All Warehouses - MA
"Row6-R41-F - MA",Row6-R41-F,Madhowa Associates,0,All Warehouses - MA
"Row6-R41-Top - MA",Row6-R41-Top,Madhowa Associates,0,All Warehouses - MA
"Row7-R42-A - MA",Row7-R42-A,Madhowa Associates,0,All Warehouses - MA
"Row7-R42-B - MA",Row7-R42-B,Madhowa Associates,0,All Warehouses - MA
"Row7-R42-C - MA",Row7-R42-C,Madhowa Associates,0,All Warehouses - MA
"Row7-R42-D - MA",Row7-R42-D,Madhowa Associates,0,All Warehouses - MA
"Row7-R42-E - MA",Row7-R42-E,Madhowa Associates,0,All Warehouses - MA
"Row7-R42-F - MA",Row7-R42-F,Madhowa Associates,0,All Warehouses - MA
"Row7-R42-Top - MA",Row7-R42-Top,Madhowa Associates,0,All Warehouses - MA
"Row7-R43-A - MA",Row7-R43-A,Madhowa Associates,0,All Warehouses - MA
"Row7-R43-B - MA",Row7-R43-B,Madhowa Associates,0,All Warehouses - MA
"Row7-R43-C - MA",Row7-R43-C,Madhowa Associates,0,All Warehouses - MA
"Row7-R43-D - MA",Row7-R43-D,Madhowa Associates,0,All Warehouses - MA
"Row7-R43-E - MA",Row7-R43-E,Madhowa Associates,0,All Warehouses - MA
"Row7-R43-F - MA",Row7-R43-F,Madhowa Associates,0,All Warehouses - MA
"Row7-R43-Top - MA",Row7-R43-Top,Madhowa Associates,0,All Warehouses - MA
"Row7-R44-A - MA",Row7-R44-A,Madhowa Associates,0,All Warehouses - MA
"Row7-R44-B - MA",Row7-R44-B,Madhowa Associates,0,All Warehouses - MA
"Row7-R44-C - MA",Row7-R44-C,Madhowa Associates,0,All Warehouses - MA
"Row7-R44-D - MA",Row7-R44-D,Madhowa Associates,0,All Warehouses - MA
"Row7-R44-E - MA",Row7-R44-E,Madhowa Associates,0,All Warehouses - MA
"Row7-R44-F - MA",Row7-R44-F,Madhowa Associates,0,All Warehouses - MA
"Row7-R44-Top - MA",Row7-R44-Top,Madhowa Associates,0,All Warehouses - MA
"Row7-R45-A - MA",Row7-R45-A,Madhowa Associates,0,All Warehouses - MA
"Row7-R45-B - MA",Row7-R45-B,Madhowa Associates,0,All Warehouses - MA
"Row7-R45-C - MA",Row7-R45-C,Madhowa Associates,0,All Warehouses - MA
"Row7-R45-D - MA",Row7-R45-D,Madhowa Associates,0,All Warehouses - MA
"Row7-R45-E - MA",Row7-R45-E,Madhowa Associates,0,All Warehouses - MA
"Row7-R45-F - MA",Row7-R45-F,Madhowa Associates,0,All Warehouses - MA
"Row7-R45-Top - MA",Row7-R45-Top,Madhowa Associates,0,All Warehouses - MA
"Row7-R46-A - MA",Row7-R46-A,Madhowa Associates,0,All Warehouses - MA
"Row7-R46-B - MA",Row7-R46-B,Madhowa Associates,0,All Warehouses - MA
"Row7-R46-C - MA",Row7-R46-C,Madhowa Associates,0,All Warehouses - MA
"Row7-R46-D - MA",Row7-R46-D,Madhowa Associates,0,All Warehouses - MA
"Row7-R46-E - MA",Row7-R46-E,Madhowa Associates,0,All Warehouses - MA
"Row7-R46-F - MA",Row7-R46-F,Madhowa Associates,0,All Warehouses - MA
"Row7-R46-Top - MA",Row7-R46-Top,Madhowa Associates,0,All Warehouses - MA
"Row7-R47-A - MA",Row7-R47-A,Madhowa Associates,0,All Warehouses - MA
"Row7-R47-B - MA",Row7-R47-B,Madhowa Associates,0,All Warehouses - MA
"Row7-R47-C - MA",Row7-R47-C,Madhowa Associates,0,All Warehouses - MA
"Row7-R47-D - MA",Row7-R47-D,Madhowa Associates,0,All Warehouses - MA
"Row7-R47-E - MA",Row7-R47-E,Madhowa Associates,0,All Warehouses - MA
"Row7-R47-F - MA",Row7-R47-F,Madhowa Associates,0,All Warehouses - MA
"Row7-R47-Top - MA",Row7-R47-Top,Madhowa Associates,0,All Warehouses - MA
"Row7-R48-A - MA",Row7-R48-A,Madhowa Associates,0,All Warehouses - MA
"Row7-R48-B - MA",Row7-R48-B,Madhowa Associates,0,All Warehouses - MA
"Row7-R48-C - MA",Row7-R48-C,Madhowa Associates,0,All Warehouses - MA
"Row7-R48-D - MA",Row7-R48-D,Madhowa Associates,0,All Warehouses - MA
"Row7-R48-E - MA",Row7-R48-E,Madhowa Associates,0,All Warehouses - MA
"Row7-R48-F - MA",Row7-R48-F,Madhowa Associates,0,All Warehouses - MA
"Row7-R48-Top - MA",Row7-R48-Top,Madhowa Associates,0,All Warehouses - MA
"Row7-R49-A - MA",Row7-R49-A,Madhowa Associates,0,All Warehouses - MA
"Row7-R49-B - MA",Row7-R49-B,Madhowa Associates,0,All Warehouses - MA
"Row7-R49-C - MA",Row7-R49-C,Madhowa Associates,0,All Warehouses - MA
"Row7-R49-D - MA",Row7-R49-D,Madhowa Associates,0,All Warehouses - MA
"Row7-R49-E - MA",Row7-R49-E,Madhowa Associates,0,All Warehouses - MA
"Row7-R49-F - MA",Row7-R49-F,Madhowa Associates,0,All Warehouses - MA
"Row7-R49-Top - MA",Row7-R49-Top,Madhowa Associates,0,All Warehouses - MA
"Row7-R50-A - MA",Row7-R50-A,Madhowa Associates,0,All Warehouses - MA
"Row7-R50-B - MA",Row7-R50-B,Madhowa Associates,0,All Warehouses - MA
"Row7-R50-C - MA",Row7-R50-C,Madhowa Associates,0,All Warehouses - MA
"Row7-R50-D - MA",Row7-R50-D,Madhowa Associates,0,All Warehouses - MA
"Row7-R50-E - MA",Row7-R50-E,Madhowa Associates,0,All Warehouses - MA
"Row7-R50-F - MA",Row7-R50-F,Madhowa Associates,0,All Warehouses - MA
"Row7-R50-Top - MA",Row7-R50-Top,Madhowa Associates,0,All Warehouses - MA
"Row7-R51-A - MA",Row7-R51-A,Madhowa Associates,0,All Warehouses - MA
"Row7-R51-B - MA",Row7-R51-B,Madhowa Associates,0,All Warehouses - MA
"Row7-R51-C - MA",Row7-R51-C,Madhowa Associates,0,All Warehouses - MA
"Row7-R51-D - MA",Row7-R51-D,Madhowa Associates,0,All Warehouses - MA
"Row7-R51-E - MA",Row7-R51-E,Madhowa Associates,0,All Warehouses - MA
"Row7-R51-F - MA",Row7-R51-F,Madhowa Associates,0,All Warehouses - MA
"Row7-R51-Top - MA",Row7-R51-Top,Madhowa Associates,0,All Warehouses - MA
"Row8-R52-A - MA",Row8-R52-A,Madhowa Associates,0,All Warehouses - MA
"Row8-R52-B - MA",Row8-R52-B,Madhowa Associates,0,All Warehouses - MA
"Row8-R52-C - MA",Row8-R52-C,Madhowa Associates,0,All Warehouses - MA
"Row8-R52-D - MA",Row8-R52-D,Madhowa Associates,0,All Warehouses - MA
"Row8-R52-E - MA",Row8-R52-E,Madhowa Associates,0,All Warehouses - MA
"Row8-R52-F - MA",Row8-R52-F,Madhowa Associates,0,All Warehouses - MA
"Row8-R52-Top - MA",Row8-R52-Top,Madhowa Associates,0,All Warehouses - MA
"Row8-R53-A - MA",Row8-R53-A,Madhowa Associates,0,All Warehouses - MA
"Row8-R53-B - MA",Row8-R53-B,Madhowa Associates,0,All Warehouses - MA
"Row8-R53-C - MA",Row8-R53-C,Madhowa Associates,0,All Warehouses - MA
"Row8-R53-D - MA",Row8-R53-D,Madhowa Associates,0,All Warehouses - MA
"Row8-R53-E - MA",Row8-R53-E,Madhowa Associates,0,All Warehouses - MA
"Row8-R53-F - MA",Row8-R53-F,Madhowa Associates,0,All Warehouses - MA
"Row8-R53-Top - MA",Row8-R53-Top,Madhowa Associates,0,All Warehouses - MA
"Row8-R54-A - MA",Row8-R54-A,Madhowa Associates,0,All Warehouses - MA
"Row8-R54-B - MA",Row8-R54-B,Madhowa Associates,0,All Warehouses - MA
"Row8-R54-C - MA",Row8-R54-C,Madhowa Associates,0,All Warehouses - MA
"Row8-R54-D - MA",Row8-R54-D,Madhowa Associates,0,All Warehouses - MA
"Row8-R54-E - MA",Row8-R54-E,Madhowa Associates,0,All Warehouses - MA
"Row8-R54-F - MA",Row8-R54-F,Madhowa Associates,0,All Warehouses - MA
"Row8-R54-Top - MA",Row8-R54-Top,Madhowa Associates,0,All Warehouses - MA
"Row8-R55-A - MA",Row8-R55-A,Madhowa Associates,0,All Warehouses - MA
"Row8-R55-B - MA",Row8-R55-B,Madhowa Associates,0,All Warehouses - MA
"Row8-R55-C - MA",Row8-R55-C,Madhowa Associates,0,All Warehouses - MA
"Row8-R55-D - MA",Row8-R55-D,Madhowa Associates,0,All Warehouses - MA
"Row8-R55-E - MA",Row8-R55-E,Madhowa Associates,0,All Warehouses - MA
"Row8-R55-F - MA",Row8-R55-F,Madhowa Associates,0,All Warehouses - MA
"Row8-R55-Top - MA",Row8-R55-Top,Madhowa Associates,0,All Warehouses - MA
"Row8-R56-A - MA",Row8-R56-A,Madhowa Associates,0,All Warehouses - MA
"Row8-R56-B - MA",Row8-R56-B,Madhowa Associates,0,All Warehouses - MA
"Row8-R56-C - MA",Row8-R56-C,Madhowa Associates,0,All Warehouses - MA
"Row8-R56-D - MA",Row8-R56-D,Madhowa Associates,0,All Warehouses - MA
"Row8-R56-E - MA",Row8-R56-E,Madhowa Associates,0,All Warehouses - MA
"Row8-R56-F - MA",Row8-R56-F,Madhowa Associates,0,All Warehouses - MA
"Row8-R56-Top - MA",Row8-R56-Top,Madhowa Associates,0,All Warehouses - MA
"Row8-R57-A - MA",Row8-R57-A,Madhowa Associates,0,All Warehouses - MA
"Row8-R57-B - MA",Row8-R57-B,Madhowa Associates,0,All Warehouses - MA
"Row8-R57-C - MA",Row8-R57-C,Madhowa Associates,0,All Warehouses - MA
"Row8-R57-D - MA",Row8-R57-D,Madhowa Associates,0,All Warehouses - MA
"Row8-R57-E - MA",Row8-R57-E,Madhowa Associates,0,All Warehouses - MA
"Row8-R57-F - MA",Row8-R57-F,Madhowa Associates,0,All Warehouses - MA
"Row8-R57-Top - MA",Row8-R57-Top,Madhowa Associates,0,All Warehouses - MA
"Row8-R58-A - MA",Row8-R58-A,Madhowa Associates,0,All Warehouses - MA
"Row8-R58-B - MA",Row8-R58-B,Madhowa Associates,0,All Warehouses - MA
"Row8-R58-C - MA",Row8-R58-C,Madhowa Associates,0,All Warehouses - MA
"Row8-R58-D - MA",Row8-R58-D,Madhowa Associates,0,All Warehouses - MA
"Row8-R58-E - MA",Row8-R58-E,Madhowa Associates,0,All Warehouses - MA
"Row8-R58-F - MA",Row8-R58-F,Madhowa Associates,0,All Warehouses - MA
"Row8-R58-Top - MA",Row8-R58-Top,Madhowa Associates,0,All Warehouses - MA
"Row8-R59-A - MA",Row8-R59-A,Madhowa Associates,0,All Warehouses - MA
"Row8-R59-B - MA",Row8-R59-B,Madhowa Associates,0,All Warehouses - MA
"Row8-R59-C - MA",Row8-R59-C,Madhowa Associates,0,All Warehouses - MA
"Row8-R59-D - MA",Row8-R59-D,Madhowa Associates,0,All Warehouses - MA
"Row8-R59-E - MA",Row8-R59-E,Madhowa Associates,0,All Warehouses - MA
"Row8-R59-F - MA",Row8-R59-F,Madhowa Associates,0,All Warehouses - MA
"Row8-R59-Top - MA",Row8-R59-Top,Madhowa Associates,0,All Warehouses - MA
"Row8-R60-A - MA",Row8-R60-A,Madhowa Associates,0,All Warehouses - MA
"Row8-R60-B - MA",Row8-R60-B,Madhowa Associates,0,All Warehouses - MA
"Row8-R60-C - MA",Row8-R60-C,Madhowa Associates,0,All Warehouses - MA
"Row8-R60-D - MA",Row8-R60-D,Madhowa Associates,0,All Warehouses - MA
"Row8-R60-E - MA",Row8-R60-E,Madhowa Associates,0,All Warehouses - MA
"Row8-R60-F - MA",Row8-R60-F,Madhowa Associates,0,All Warehouses - MA
"Row8-R60-Top - MA",Row8-R60-Top,Madhowa Associates,0,All Warehouses - MA
"Row9-R61-A - MA",Row9-R61-A,Madhowa Associates,0,All Warehouses - MA
"Row9-R61-B - MA",Row9-R61-B,Madhowa Associates,0,All Warehouses - MA
"Row9-R61-C - MA",Row9-R61-C,Madhowa Associates,0,All Warehouses - MA
"Row9-R61-D - MA",Row9-R61-D,Madhowa Associates,0,All Warehouses - MA
"Row9-R61-E - MA",Row9-R61-E,Madhowa Associates,0,All Warehouses - MA
"Row9-R61-F - MA",Row9-R61-F,Madhowa Associates,0,All Warehouses - MA
"Row9-R61-Top - MA",Row9-R61-Top,Madhowa Associates,0,All Warehouses - MA
"Row9-R62-A - MA",Row9-R62-A,Madhowa Associates,0,All Warehouses - MA
"Row9-R62-B - MA",Row9-R62-B,Madhowa Associates,0,All Warehouses - MA
"Row9-R62-C - MA",Row9-R62-C,Madhowa Associates,0,All Warehouses - MA
"Row9-R62-D - MA",Row9-R62-D,Madhowa Associates,0,All Warehouses - MA
"Row9-R62-E - MA",Row9-R62-E,Madhowa Associates,0,All Warehouses - MA
"Row9-R62-F - MA",Row9-R62-F,Madhowa Associates,0,All Warehouses - MA
"Row9-R62-Top - MA",Row9-R62-Top,Madhowa Associates,0,All Warehouses - MA
"Row9-R63-A - MA",Row9-R63-A,Madhowa Associates,0,All Warehouses - MA
"Row9-R63-B - MA",Row9-R63-B,Madhowa Associates,0,All Warehouses - MA
"Row9-R63-C - MA",Row9-R63-C,Madhowa Associates,0,All Warehouses - MA
"Row9-R63-D - MA",Row9-R63-D,Madhowa Associates,0,All Warehouses - MA
"Row9-R63-E - MA",Row9-R63-E,Madhowa Associates,0,All Warehouses - MA
"Row9-R63-F - MA",Row9-R63-F,Madhowa Associates,0,All Warehouses - MA
"Row9-R63-Top - MA",Row9-R63-Top,Madhowa Associates,0,All Warehouses - MA
"Row9-R64-A - MA",Row9-R64-A,Madhowa Associates,0,All Warehouses - MA
"Row9-R64-B - MA",Row9-R64-B,Madhowa Associates,0,All Warehouses - MA
"Row9-R64-C - MA",Row9-R64-C,Madhowa Associates,0,All Warehouses - MA
"Row9-R64-D - MA",Row9-R64-D,Madhowa Associates,0,All Warehouses - MA
"Row9-R64-E - MA",Row9-R64-E,Madhowa Associates,0,All Warehouses - MA
"Row9-R64-F - MA",Row9-R64-F,Madhowa Associates,0,All Warehouses - MA
"Row9-R64-Top - MA",Row9-R64-Top,Madhowa Associates,0,All Warehouses - MA
"Row9-R65-A - MA",Row9-R65-A,Madhowa Associates,0,All Warehouses - MA
"Row9-R65-B - MA",Row9-R65-B,Madhowa Associates,0,All Warehouses - MA
"Row9-R65-C - MA",Row9-R65-C,Madhowa Associates,0,All Warehouses - MA
"Row9-R65-D - MA",Row9-R65-D,Madhowa Associates,0,All Warehouses - MA
"Row9-R65-E - MA",Row9-R65-E,Madhowa Associates,0,All Warehouses - MA
"Row9-R65-F - MA",Row9-R65-F,Madhowa Associates,0,All Warehouses - MA
"Row9-R65-Top - MA",Row9-R65-Top,Madhowa Associates,0,All Warehouses - MA
"Row9-R66-A - MA",Row9-R66-A,Madhowa Associates,0,All Warehouses - MA
"Row9-R66-B - MA",Row9-R66-B,Madhowa Associates,0,All Warehouses - MA
"Row9-R66-C - MA",Row9-R66-C,Madhowa Associates,0,All Warehouses - MA
"Row9-R66-D - MA",Row9-R66-D,Madhowa Associates,0,All Warehouses - MA
"Row9-R66-E - MA",Row9-R66-E,Madhowa Associates,0,All Warehouses - MA
"Row9-R66-F - MA",Row9-R66-F,Madhowa Associates,0,All Warehouses - MA
"Row9-R66-Top - MA",Row9-R66-Top,Madhowa Associates,0,All Warehouses - MA
"Row9-R67-A - MA",Row9-R67-A,Madhowa Associates,0,All Warehouses - MA
"Row9-R67-B - MA",Row9-R67-B,Madhowa Associates,0,All Warehouses - MA
"Row9-R67-C - MA",Row9-R67-C,Madhowa Associates,0,All Warehouses - MA
"Row9-R67-D - MA",Row9-R67-D,Madhowa Associates,0,All Warehouses - MA
"Row9-R67-E - MA",Row9-R67-E,Madhowa Associates,0,All Warehouses - MA
"Row9-R67-F - MA",Row9-R67-F,Madhowa Associates,0,All Warehouses - MA
"Row9-R67-Top - MA",Row9-R67-Top,Madhowa Associates,0,All Warehouses - MA
"Row9-R68-A - MA",Row9-R68-A,Madhowa Associates,0,All Warehouses - MA
"Row9-R68-B - MA",Row9-R68-B,Madhowa Associates,0,All Warehouses - MA
"Row9-R68-C - MA",Row9-R68-C,Madhowa Associates,0,All Warehouses - MA
"Row9-R68-D - MA",Row9-R68-D,Madhowa Associates,0,All Warehouses - MA
"Row9-R68-E - MA",Row9-R68-E,Madhowa Associates,0,All Warehouses - MA
"Row9-R68-F - MA",Row9-R68-F,Madhowa Associates,0,All Warehouses - MA
"Row9-R68-Top - MA",Row9-R68-Top,Madhowa Associates,0,All Warehouses - MA
"Row9-R69-A - MA",Row9-R69-A,Madhowa Associates,0,All Warehouses - MA
"Row9-R69-B - MA",Row9-R69-B,Madhowa Associates,0,All Warehouses - MA
"Row9-R69-C - MA",Row9-R69-C,Madhowa Associates,0,All Warehouses - MA
"Row9-R69-D - MA",Row9-R69-D,Madhowa Associates,0,All Warehouses - MA
"Row9-R69-E - MA",Row9-R69-E,Madhowa Associates,0,All Warehouses - MA
"Row9-R69-F - MA",Row9-R69-F,Madhowa Associates,0,All Warehouses - MA
"Row9-R69-Top - MA",Row9-R69-Top,Madhowa Associates,0,All Warehouses - MA
